File,Source,River,Station,Lon,Lat
..\01 Observational Dataset Acquisition and Processing\ArcticRIMS\CSV\Anabar__Saskylakh.csv,ArcticRIMS,Anabar,Saskylakh,114.08,71.97
..\01 Observational Dataset Acquisition and Processing\GRDC\CSV\Anabar__Saskylakh.csv,GRDC,Anabar,Saskylakh,114.08,71.97
..\01 Observational Dataset Acquisition and Processing\GRDC\CSV\Anadyr__Snezhnoye.csv,GRDC,Anadyr,Snezhnoye,172.97,65.45
..\01 Observational Dataset Acquisition and Processing\GRDC\CSV\Anderson__Below Carnwath River.csv,GRDC,Anderson,Below Carnwath River,-128.4133,68.6322
..\01 Observational Dataset Acquisition and Processing\GRDC\CSV\Back__Above Hermann River.csv,GRDC,Back,Above Hermann River,-96.51081,66.08614
..\01 Observational Dataset Acquisition and Processing\WSC\CSV\Back__Above Hermann River.csv,WSC,Back,Above Hermann River,-96.51081,66.08614
..\01 Observational Dataset Acquisition and Processing\GRDC\CSV\Burnside__Near The Mouth.csv,GRDC,Burnside,Near The Mouth,-108.81317,66.72625
..\01 Observational Dataset Acquisition and Processing\WSC\CSV\Burnside__Near The Mouth.csv,WSC,Burnside,Near The Mouth,-108.81317,66.72625
..\01 Observational Dataset Acquisition and Processing\ArcticRIMS\CSV\Indigirka__Vorontsovo.csv,ArcticRIMS,Indigirka,Vorontsovo,147.53,69.57
..\01 Observational Dataset Acquisition and Processing\GRDC\CSV\Indigirka__Vorontsovo.csv,GRDC,Indigirka,Vorontsovo,147.53,69.57
"..\01 Observational Dataset Acquisition and Processing\GRDC\CSV\Knik__Near Palmer, Ak.csv",GRDC,Knik,"Near Palmer, Ak",-149.0328,61.5045
..\01 Observational Dataset Acquisition and Processing\ArcticGRO\CSV\Kolyma__Kolymskoe.csv,ArcticGRO,Kolyma,Kolymskoe,158.72,68.73
..\01 Observational Dataset Acquisition and Processing\ArcticRIMS\CSV\Kolyma__Kolymskoe.csv,ArcticRIMS,Kolyma,Kolymskoe,158.72,68.73
..\01 Observational Dataset Acquisition and Processing\GRDC\CSV\Kolyma__Kolymskoe.csv,GRDC,Kolyma,Kolymskoe,158.72,68.73
"..\01 Observational Dataset Acquisition and Processing\GRDC\CSV\Kuskokwim__Crooked Creek, Alas..csv",GRDC,Kuskokwim,"Crooked Creek, Alas.",-158.1032,61.8704
..\01 Observational Dataset Acquisition and Processing\ArcticGRO\CSV\Lena__Kyusyur.csv,ArcticGRO,Lena,Kyusyur,127.39,70.68
..\01 Observational Dataset Acquisition and Processing\ArcticRIMS\CSV\Lena__Kyusyur.csv,ArcticRIMS,Lena,Kyusyur,127.39,70.68
..\01 Observational Dataset Acquisition and Processing\GRDC\CSV\Lena__Kyusyur.csv,GRDC,Lena,Kyusyur,127.39,70.68
..\01 Observational Dataset Acquisition and Processing\ArcticGRO\CSV\Mackenzie__Arctic Red River.csv,ArcticGRO,Mackenzie,Arctic Red River,-133.75328,67.456
..\01 Observational Dataset Acquisition and Processing\GRDC\CSV\Mackenzie__Arctic Red River.csv,GRDC,Mackenzie,Arctic Red River,-133.75328,67.456
..\01 Observational Dataset Acquisition and Processing\WSC\CSV\Mackenzie__Arctic Red River.csv,WSC,Mackenzie,Arctic Red River,-133.75328,67.456
"..\01 Observational Dataset Acquisition and Processing\GRDC\CSV\Matanuska__Palmer, Ak.csv",GRDC,Matanuska,"Palmer, Ak",-149.073,61.6086
..\01 Observational Dataset Acquisition and Processing\ArcticGRO\CSV\Mezen__Malonisogorskoye.csv,ArcticGRO,Mezen,Malonisogorskoye,45.62,65.01
..\01 Observational Dataset Acquisition and Processing\ArcticRIMS\CSV\Mezen__Malonisogorskoye.csv,ArcticRIMS,Mezen,Malonisogorskoye,45.62,65.01
..\01 Observational Dataset Acquisition and Processing\GRDC\CSV\Mezen__Malonisogorskoye.csv,GRDC,Mezen,Malonisogorskoye,45.62,65.01
..\01 Observational Dataset Acquisition and Processing\ArcticGRO\CSV\Northern Dvina__Ust' Pinega.csv,ArcticGRO,Northern Dvina,Ust' Pinega,41.92,64.13
..\01 Observational Dataset Acquisition and Processing\ArcticRIMS\CSV\Northern Dvina__Ust' Pinega.csv,ArcticRIMS,Northern Dvina,Ust' Pinega,41.92,64.13
..\01 Observational Dataset Acquisition and Processing\GRDC\CSV\Northern Dvina__Ust' Pinega.csv,GRDC,Northern Dvina,Ust' Pinega,41.92,64.13
..\01 Observational Dataset Acquisition and Processing\ArcticGRO\CSV\Ob__Salekhard.csv,ArcticGRO,Ob,Salekhard,66.6,66.63
..\01 Observational Dataset Acquisition and Processing\ArcticRIMS\CSV\Ob__Salekhard.csv,ArcticRIMS,Ob,Salekhard,66.6,66.63
..\01 Observational Dataset Acquisition and Processing\GRDC\CSV\Ob__Salekhard.csv,GRDC,Ob,Salekhard,66.6,66.63
..\01 Observational Dataset Acquisition and Processing\ArcticGRO\CSV\Olenek__7.5 km down of Buur's mouth.csv,ArcticGRO,Olenek,7.5 km down of Buur's mouth,123.65,71.85
..\01 Observational Dataset Acquisition and Processing\ArcticRIMS\CSV\Olenek__7.5 km down of Buur's mouth.csv,ArcticRIMS,Olenek,7.5 km down of Buur's mouth,123.65,71.85
..\01 Observational Dataset Acquisition and Processing\GRDC\CSV\Olenek__7.5 km down of Buur's mouth.csv,GRDC,Olenek,7.5 km down of Buur's mouth,123.65,71.85
..\01 Observational Dataset Acquisition and Processing\ArcticGRO\CSV\Onega__Porog.csv,ArcticGRO,Onega,Porog,38.47,63.82
..\01 Observational Dataset Acquisition and Processing\ArcticRIMS\CSV\Onega__Porog.csv,ArcticRIMS,Onega,Porog,38.47,63.82
..\01 Observational Dataset Acquisition and Processing\GRDC\CSV\Onega__Porog.csv,GRDC,Onega,Porog,38.47,63.82
..\01 Observational Dataset Acquisition and Processing\ArcticRIMS\CSV\Pechora__Oksino.csv,ArcticRIMS,Pechora,Oksino,52.18,67.63
..\01 Observational Dataset Acquisition and Processing\GRDC\CSV\Pechora__Oksino.csv,GRDC,Pechora,Oksino,52.18,67.63
..\01 Observational Dataset Acquisition and Processing\ArcticRIMS\CSV\Ponoy__Kanevka.csv,ArcticRIMS,Ponoy,Kanevka,39.66,67.13
..\01 Observational Dataset Acquisition and Processing\GRDC\CSV\Ponoy__Kanevka.csv,GRDC,Ponoy,Kanevka,39.66,67.13
..\01 Observational Dataset Acquisition and Processing\R-ArcticNET\CSV\Ponoy__Kanevka.csv,R-ArcticNET,Ponoy,Kanevka,39.66,67.13
..\01 Observational Dataset Acquisition and Processing\ArcticGRO\CSV\Pur__Samburg.csv,ArcticGRO,Pur,Samburg,78.22,67.01
..\01 Observational Dataset Acquisition and Processing\GRDC\CSV\Pur__Samburg.csv,GRDC,Pur,Samburg,78.22,67.01
..\01 Observational Dataset Acquisition and Processing\GRDC\CSV\Tana__Polmak Nye.csv,GRDC,Tana,Polmak Nye,28.0162,70.0703
..\01 Observational Dataset Acquisition and Processing\ArcticRIMS\CSV\Taz__Sidorovsk.csv,ArcticRIMS,Taz,Sidorovsk,82.28,66.6
..\01 Observational Dataset Acquisition and Processing\GRDC\CSV\Taz__Sidorovsk.csv,GRDC,Taz,Sidorovsk,82.28,66.6
..\01 Observational Dataset Acquisition and Processing\ArcticGRO\CSV\Yana__Ubileynaya.csv,ArcticGRO,Yana,Ubileynaya,136.08,70.77
..\01 Observational Dataset Acquisition and Processing\GRDC\CSV\Yana__Ubileynaya.csv,GRDC,Yana,Ubileynaya,136.08,70.77
..\01 Observational Dataset Acquisition and Processing\ArcticGRO\CSV\Yenisey__Igarka.csv,ArcticGRO,Yenisey,Igarka,86.48,67.43
..\01 Observational Dataset Acquisition and Processing\ArcticRIMS\CSV\Yenisey__Igarka.csv,ArcticRIMS,Yenisey,Igarka,86.48,67.43
..\01 Observational Dataset Acquisition and Processing\GRDC\CSV\Yenisey__Igarka.csv,GRDC,Yenisey,Igarka,86.48,67.43
..\01 Observational Dataset Acquisition and Processing\ArcticGRO\CSV\Yukon__Pilot Station.csv,ArcticGRO,Yukon,Pilot Station,-162.8829,61.9337
..\01 Observational Dataset Acquisition and Processing\ArcticRIMS\CSV\Yukon__Pilot Station.csv,ArcticRIMS,Yukon,Pilot Station,-162.8829,61.9337
..\01 Observational Dataset Acquisition and Processing\GRDC\CSV\Yukon__Pilot Station.csv,GRDC,Yukon,Pilot Station,-162.8829,61.9337
