Date,River,Station,Lon,Lat,Discharge_Station,Discharge_Upper_Station,Discharge_Lower_Station,Source_Discharge,Discharge_Estuary,Discharge_Upper_Estuary,Discharge_Lower_Estuary
2009-10-27,Mezen,Malonisogorskoye,45.62,65.01,698.0,1145.96,224.57,Boundary matched,831.42,1365.0,267.49
2009-10-28,Mezen,Malonisogorskoye,45.62,65.01,475.65,1145.96,222.8,Boundary matched,566.57,1365.0,265.39
2009-10-29,Mezen,Malonisogorskoye,45.62,65.01,404.9,1132.76,219.51,Boundary matched,482.29,1349.28,261.47
2009-10-30,Mezen,Malonisogorskoye,45.62,65.01,388.42,1132.76,219.46,Boundary matched,462.66,1349.28,261.41
2009-10-31,Mezen,Malonisogorskoye,45.62,65.01,373.04,1130.52,216.13,Boundary matched,444.34,1346.61,257.44
2009-11-01,Mezen,Malonisogorskoye,45.62,65.01,361.91,1130.52,214.72,Boundary matched,431.09,1346.61,255.76
2009-11-02,Mezen,Malonisogorskoye,45.62,65.01,361.91,1130.52,212.66,Predicted,431.09,1346.61,253.31
2009-11-03,Mezen,Malonisogorskoye,45.62,65.01,359.27,1130.52,212.11,Predicted,427.94,1346.61,252.65
2009-11-04,Mezen,Malonisogorskoye,45.62,65.01,334.51,1126.36,209.13,Predicted,398.45,1341.65,249.1
2009-11-05,Mezen,Malonisogorskoye,45.62,65.01,334.51,1126.36,192.79,Predicted,398.45,1341.65,229.64
2009-11-06,Mezen,Malonisogorskoye,45.62,65.01,334.51,1126.36,190.95,Predicted,398.45,1341.65,227.45
2009-11-07,Mezen,Malonisogorskoye,45.62,65.01,332.98,1126.36,182.23,Predicted,396.63,1341.65,217.06
2009-11-08,Mezen,Malonisogorskoye,45.62,65.01,329.55,1126.36,179.4,Predicted,392.54,1341.65,213.69
2009-11-09,Mezen,Malonisogorskoye,45.62,65.01,329.55,1126.36,179.19,Predicted,392.54,1341.65,213.44
2009-11-10,Mezen,Malonisogorskoye,45.62,65.01,329.55,1126.36,179.19,Predicted,392.54,1341.65,213.44
2009-11-11,Mezen,Malonisogorskoye,45.62,65.01,327.1,1126.36,177.11,Predicted,389.62,1341.65,210.96
2009-11-12,Mezen,Malonisogorskoye,45.62,65.01,315.38,1126.36,174.55,Predicted,375.66,1341.65,207.91
2009-11-13,Mezen,Malonisogorskoye,45.62,65.01,280.84,1126.36,162.19,Predicted,334.52,1341.65,193.19
2009-11-14,Mezen,Malonisogorskoye,45.62,65.01,282.2,1126.36,162.55,Predicted,336.14,1341.65,193.62
2009-11-15,Mezen,Malonisogorskoye,45.62,65.01,282.2,1124.12,162.55,Predicted,336.14,1338.98,193.62
2009-11-16,Mezen,Malonisogorskoye,45.62,65.01,282.2,1124.12,160.91,Predicted,336.14,1338.98,191.67
2009-11-17,Mezen,Malonisogorskoye,45.62,65.01,278.19,1124.12,157.8,Predicted,331.36,1338.98,187.96
2009-11-18,Mezen,Malonisogorskoye,45.62,65.01,275.77,1124.12,154.86,Predicted,328.48,1338.98,184.46
2009-11-19,Mezen,Malonisogorskoye,45.62,65.01,275.77,1124.12,148.43,Predicted,328.48,1338.98,176.8
2009-11-20,Mezen,Malonisogorskoye,45.62,65.01,262.67,1124.12,142.82,Predicted,312.88,1338.98,170.12
2009-11-21,Mezen,Malonisogorskoye,45.62,65.01,258.33,1124.12,141.38,Predicted,307.71,1338.98,168.4
2009-11-22,Mezen,Malonisogorskoye,45.62,65.01,249.9,1124.42,139.03,Predicted,297.67,1339.34,165.6
2009-11-23,Mezen,Malonisogorskoye,45.62,65.01,249.9,1121.93,133.72,Predicted,297.67,1336.38,159.28
2009-11-24,Mezen,Malonisogorskoye,45.62,65.01,247.04,1121.93,133.72,Predicted,294.26,1336.38,159.28
2009-11-25,Mezen,Malonisogorskoye,45.62,65.01,247.04,1121.93,133.72,Predicted,294.26,1336.38,159.28
2009-11-26,Mezen,Malonisogorskoye,45.62,65.01,247.04,1121.93,133.8,Predicted,294.26,1336.38,159.37
2009-11-27,Mezen,Malonisogorskoye,45.62,65.01,236.09,1121.93,133.8,Predicted,281.22,1336.38,159.37
2009-11-28,Mezen,Malonisogorskoye,45.62,65.01,233.33,1121.93,133.98,Predicted,277.93,1336.38,159.59
2009-11-29,Mezen,Malonisogorskoye,45.62,65.01,232.97,1121.93,133.98,Predicted,277.5,1336.38,159.59
2009-11-30,Mezen,Malonisogorskoye,45.62,65.01,232.97,1121.93,134.29,Predicted,277.5,1336.38,159.96
2009-12-01,Mezen,Malonisogorskoye,45.62,65.01,230.75,1121.93,134.29,Predicted,274.86,1336.38,159.96
2009-12-02,Mezen,Malonisogorskoye,45.62,65.01,221.01,1121.93,134.05,Predicted,263.25,1336.38,159.67
2009-12-03,Mezen,Malonisogorskoye,45.62,65.01,217.39,1121.93,134.07,Predicted,258.94,1336.38,159.7
2009-12-04,Mezen,Malonisogorskoye,45.62,65.01,217.39,1121.93,128.38,Predicted,258.94,1336.38,152.92
2009-12-05,Mezen,Malonisogorskoye,45.62,65.01,217.39,1121.93,112.0,Predicted,258.94,1336.38,133.41
2009-12-06,Mezen,Malonisogorskoye,45.62,65.01,217.39,1121.93,113.93,Predicted,258.94,1336.38,135.71
2009-12-07,Mezen,Malonisogorskoye,45.62,65.01,241.82,1191.69,114.12,Predicted,288.04,1419.47,135.93
2009-12-08,Mezen,Malonisogorskoye,45.62,65.01,217.39,1121.93,114.31,Predicted,258.94,1336.38,136.16
2009-12-09,Mezen,Malonisogorskoye,45.62,65.01,217.39,1121.93,114.31,Predicted,258.94,1336.38,136.16
2009-12-10,Mezen,Malonisogorskoye,45.62,65.01,217.39,1121.93,114.41,Predicted,258.94,1336.38,136.28
2009-12-11,Mezen,Malonisogorskoye,45.62,65.01,214.27,1121.93,114.61,Predicted,255.23,1336.38,136.52
2009-12-12,Mezen,Malonisogorskoye,45.62,65.01,213.04,1121.93,114.69,Predicted,253.76,1336.38,136.61
2009-12-13,Mezen,Malonisogorskoye,45.62,65.01,213.04,1121.93,114.69,Predicted,253.76,1336.38,136.61
2009-12-14,Mezen,Malonisogorskoye,45.62,65.01,213.04,1121.93,114.52,Predicted,253.76,1336.38,136.41
2009-12-15,Mezen,Malonisogorskoye,45.62,65.01,210.65,1121.93,114.52,Predicted,250.91,1336.38,136.41
2009-12-16,Mezen,Malonisogorskoye,45.62,65.01,210.65,1121.93,113.21,Predicted,250.91,1336.38,134.85
2009-12-17,Mezen,Malonisogorskoye,45.62,65.01,202.39,1121.93,111.6,Predicted,241.07,1336.38,132.93
2009-12-18,Mezen,Malonisogorskoye,45.62,65.01,202.39,1121.93,111.07,Predicted,241.07,1336.38,132.3
2009-12-19,Mezen,Malonisogorskoye,45.62,65.01,202.39,1121.93,111.07,Predicted,241.07,1336.38,132.3
2009-12-20,Mezen,Malonisogorskoye,45.62,65.01,199.86,1121.93,111.07,Predicted,238.06,1336.38,132.3
2009-12-21,Mezen,Malonisogorskoye,45.62,65.01,199.86,1121.93,111.07,Predicted,238.06,1336.38,132.3
2009-12-22,Mezen,Malonisogorskoye,45.62,65.01,199.86,1121.93,111.32,Predicted,238.06,1336.38,132.6
2009-12-23,Mezen,Malonisogorskoye,45.62,65.01,199.86,1121.93,111.27,Predicted,238.06,1336.38,132.54
2009-12-24,Mezen,Malonisogorskoye,45.62,65.01,198.98,1121.93,111.23,Predicted,237.01,1336.38,132.49
2009-12-25,Mezen,Malonisogorskoye,45.62,65.01,198.98,1121.93,111.1,Predicted,237.01,1336.38,132.34
2009-12-26,Mezen,Malonisogorskoye,45.62,65.01,198.98,1121.93,111.1,Boundary matched,237.01,1336.38,132.34
2009-12-27,Mezen,Malonisogorskoye,45.62,65.01,198.23,1121.93,111.1,Boundary matched,236.12,1336.38,132.34
2009-12-28,Mezen,Malonisogorskoye,45.62,65.01,196.11,1121.93,111.1,Boundary matched,233.59,1336.38,132.34
2009-12-29,Mezen,Malonisogorskoye,45.62,65.01,196.11,1121.93,111.1,Boundary matched,233.59,1336.38,132.34
2009-12-30,Mezen,Malonisogorskoye,45.62,65.01,196.11,1121.93,111.1,Boundary matched,233.59,1336.38,132.34
2009-12-31,Mezen,Malonisogorskoye,45.62,65.01,196.11,1121.93,111.1,Boundary matched,233.59,1336.38,132.34
2022-07-05,Mezen,Malonisogorskoye,45.62,65.01,374.0,1136.44,244.41,Boundary matched,445.49,1353.66,291.13
2022-07-06,Mezen,Malonisogorskoye,45.62,65.01,315.58,1136.44,246.24,Boundary matched,375.9,1353.66,293.31
2022-07-07,Mezen,Malonisogorskoye,45.62,65.01,315.58,1136.44,246.24,Boundary matched,375.9,1353.66,293.31
2022-07-08,Mezen,Malonisogorskoye,45.62,65.01,304.37,1132.59,240.77,Boundary matched,362.55,1349.07,286.79
2022-07-09,Mezen,Malonisogorskoye,45.62,65.01,308.68,1128.2,233.71,Boundary matched,367.68,1343.84,278.38
2022-07-10,Mezen,Malonisogorskoye,45.62,65.01,286.02,1128.2,229.31,Predicted,340.69,1343.84,273.14
2022-07-11,Mezen,Malonisogorskoye,45.62,65.01,286.02,1128.2,215.94,Predicted,340.69,1343.84,257.21
2022-07-12,Mezen,Malonisogorskoye,45.62,65.01,282.24,1128.2,211.23,Predicted,336.19,1343.84,251.6
2022-07-13,Mezen,Malonisogorskoye,45.62,65.01,282.24,1128.2,202.95,Predicted,336.19,1343.84,241.74
2022-07-14,Mezen,Malonisogorskoye,45.62,65.01,281.46,1128.2,195.4,Predicted,335.26,1343.84,232.75
2022-07-15,Mezen,Malonisogorskoye,45.62,65.01,289.65,1128.2,197.63,Predicted,345.01,1343.84,235.41
2022-07-16,Mezen,Malonisogorskoye,45.62,65.01,287.26,1128.2,193.84,Predicted,342.17,1343.84,230.89
2022-07-17,Mezen,Malonisogorskoye,45.62,65.01,281.76,1128.2,193.84,Predicted,335.62,1343.84,230.89
2022-07-18,Mezen,Malonisogorskoye,45.62,65.01,273.69,1128.2,190.87,Predicted,326.0,1343.84,227.35
2022-07-19,Mezen,Malonisogorskoye,45.62,65.01,273.69,1128.2,190.79,Predicted,326.0,1343.84,227.26
2022-07-20,Mezen,Malonisogorskoye,45.62,65.01,281.76,1128.2,191.44,Predicted,335.62,1343.84,228.03
2022-07-21,Mezen,Malonisogorskoye,45.62,65.01,271.94,1128.2,190.45,Predicted,323.92,1343.84,226.85
2022-07-22,Mezen,Malonisogorskoye,45.62,65.01,271.33,1128.2,187.13,Predicted,323.19,1343.84,222.9
2022-07-23,Mezen,Malonisogorskoye,45.62,65.01,271.33,1128.2,187.19,Predicted,323.19,1343.84,222.97
2022-07-24,Mezen,Malonisogorskoye,45.62,65.01,273.73,1128.2,197.54,Predicted,326.05,1343.84,235.3
2022-07-25,Mezen,Malonisogorskoye,45.62,65.01,272.29,1128.2,196.07,Predicted,324.34,1343.84,233.55
2022-07-26,Mezen,Malonisogorskoye,45.62,65.01,272.29,1128.2,196.17,Predicted,324.34,1343.84,233.67
2022-07-27,Mezen,Malonisogorskoye,45.62,65.01,272.29,1128.2,196.54,Predicted,324.34,1343.84,234.11
2022-07-28,Mezen,Malonisogorskoye,45.62,65.01,282.72,1128.2,191.51,Predicted,336.76,1343.84,228.12
2022-07-29,Mezen,Malonisogorskoye,45.62,65.01,280.68,1128.2,190.18,Predicted,334.33,1343.84,226.53
2022-07-30,Mezen,Malonisogorskoye,45.62,65.01,272.29,1128.2,188.05,Predicted,324.34,1343.84,223.99
2022-07-31,Mezen,Malonisogorskoye,45.62,65.01,282.72,1128.2,188.9,Predicted,336.76,1343.84,225.01
2022-08-01,Mezen,Malonisogorskoye,45.62,65.01,298.6,1128.2,187.16,Predicted,355.67,1343.84,222.93
2022-08-02,Mezen,Malonisogorskoye,45.62,65.01,294.61,1128.2,180.25,Predicted,350.92,1343.84,214.7
2022-08-03,Mezen,Malonisogorskoye,45.62,65.01,294.61,1128.2,178.57,Predicted,350.92,1343.84,212.7
2022-08-04,Mezen,Malonisogorskoye,45.62,65.01,294.61,1128.2,179.04,Predicted,350.92,1343.84,213.26
2022-08-05,Mezen,Malonisogorskoye,45.62,65.01,294.61,1128.2,177.09,Predicted,350.92,1343.84,210.94
2022-08-06,Mezen,Malonisogorskoye,45.62,65.01,294.61,1128.2,174.57,Predicted,350.92,1343.84,207.94
2022-08-07,Mezen,Malonisogorskoye,45.62,65.01,282.68,1128.2,173.83,Predicted,336.71,1343.84,207.06
2022-08-08,Mezen,Malonisogorskoye,45.62,65.01,278.73,1128.2,173.83,Predicted,332.01,1343.84,207.06
2022-08-09,Mezen,Malonisogorskoye,45.62,65.01,281.17,1128.2,173.83,Predicted,334.91,1343.84,207.06
2022-08-10,Mezen,Malonisogorskoye,45.62,65.01,280.87,1128.2,168.77,Predicted,334.56,1343.84,201.03
2022-08-11,Mezen,Malonisogorskoye,45.62,65.01,284.82,1128.2,174.52,Predicted,339.26,1343.84,207.88
2022-08-12,Mezen,Malonisogorskoye,45.62,65.01,280.87,1128.2,174.1,Predicted,334.56,1343.84,207.38
2022-08-13,Mezen,Malonisogorskoye,45.62,65.01,267.99,1128.2,174.03,Predicted,319.21,1343.84,207.29
2022-08-14,Mezen,Malonisogorskoye,45.62,65.01,269.98,1128.2,174.23,Predicted,321.58,1343.84,207.53
2022-08-15,Mezen,Malonisogorskoye,45.62,65.01,269.71,1128.2,175.24,Predicted,321.26,1343.84,208.74
2022-08-16,Mezen,Malonisogorskoye,45.62,65.01,269.72,1128.2,175.12,Predicted,321.27,1343.84,208.59
2022-08-17,Mezen,Malonisogorskoye,45.62,65.01,269.72,1128.2,175.12,Predicted,321.27,1343.84,208.59
2022-08-18,Mezen,Malonisogorskoye,45.62,65.01,269.03,1128.2,175.12,Predicted,320.45,1343.84,208.59
2022-08-19,Mezen,Malonisogorskoye,45.62,65.01,258.88,1128.2,175.07,Predicted,308.36,1343.84,208.53
2022-08-20,Mezen,Malonisogorskoye,45.62,65.01,258.88,1128.2,174.14,Predicted,308.36,1343.84,207.43
2022-08-21,Mezen,Malonisogorskoye,45.62,65.01,261.43,1128.2,168.6,Predicted,311.4,1343.84,200.83
2022-08-22,Mezen,Malonisogorskoye,45.62,65.01,251.06,1128.2,164.53,Predicted,299.05,1343.84,195.98
2022-08-23,Mezen,Malonisogorskoye,45.62,65.01,239.93,1128.2,161.31,Predicted,285.79,1343.84,192.14
2022-08-24,Mezen,Malonisogorskoye,45.62,65.01,239.19,1128.2,160.36,Predicted,284.91,1343.84,191.01
2022-08-25,Mezen,Malonisogorskoye,45.62,65.01,249.65,1128.2,173.69,Boundary matched,297.37,1343.84,206.89
2022-08-26,Mezen,Malonisogorskoye,45.62,65.01,249.65,1128.2,173.05,Boundary matched,297.37,1343.84,206.13
2022-08-27,Mezen,Malonisogorskoye,45.62,65.01,249.65,1128.2,172.12,Boundary matched,297.37,1343.84,205.02
2022-08-28,Mezen,Malonisogorskoye,45.62,65.01,248.26,1128.2,167.35,Boundary matched,295.71,1343.84,199.34
2022-08-29,Mezen,Malonisogorskoye,45.62,65.01,248.26,1128.2,171.25,Boundary matched,295.71,1343.84,203.98
