No,R-Arctic Net ID,Arctic RIMS ID,Station Code,Station Name,Continent,"Drainage Area, km2","Annual Discharge, km3",Lon,Lat,River,Station
1,218, , 05AJ001, SOUTH SASKATCHEWAN RIVER AT MEDICINE HAT, North_America,56 400 ,6.0128,,,South Saskatchewan River,Medicine Hat
2,437, , 05CK004, RED DEER RIVER NEAR BINDLOSS, North_America,44 700 ,1.8133,,,Red Deer River,Bindloss
3,609, , 07AE001, ATHABASCA RIVER NEAR WINDFALL, North_America,19 600 ,7.9478,,,Athabasca River,Windfall
4,661, , 07BE001, ATHABASCA RIVER AT ATHABASCA, North_America,74 600 ,13.5225,,,Athabasca River,Athabasca
5,675, , 07BK001, LESSER SLAVE RIVER AT SLAVE LAKE, North_America,13 600 ,1.2553,,,Lesser Slave River,Slave Lake
6,695, , 07CD001, CLEARWATER RIVER AT DRAPER, North_America,30 800 ,3.7558,,,Clearwater River,Draper
7,703, , 07DA001, ATHABASCA RIVER BELOW MCMURRAY, North_America,133 000 ,20.4147,,,Athabasca,Below Mcmurray
8,773, , 07GJ001, SMOKY RIVER AT WATINO, North_America,50 300 ,10.9582,,,Smoky River,Watino
9,776, , 07HA001, PEACE RIVER AT PEACE RIVER, North_America,186 000 ,57.7296,,,Peace River,Peace River
10,794, , 07JD002, WABASCA RIVER AT WADLIN LAKE ROAD, North_America,35 800 ,2.928,,,Wabasca River,Wadlin Lake Road
11,801, , 07KC001, PEACE RIVER AT PEACE POINT, North_America,293 000 ,66.5295,,,Peace River,Peace Point
12,804, , 07NB001, SLAVE RIVER AT FITZGERALD, North_America,606 000 ,107.6662,,,Slave River,Fitzgerald
13,874, , 07EF001, PEACE RIVER AT HUDSON HOPE, North_America,69 900 ,34.8045,,,Peace River,Hudson Hope
14,2761, , 10BE001, LIARD RIVER AT LOWER CROSSING, North_America,104 000 ,35.3804,,,Liard River,Lower Crossing
15,2777, , 10CD001, MUSKWA RIVER NEAR FORT NELSON, North_America,20 300 ,6.7381,,,Muskwa River,Fort Nelson
16,2786, , 04AB001, HAYES RIVER BELOW GODS RIVER, North_America,103 000 ,19.6997,,,Hayes,Below Gods River
17,2789, , 04AD002, GODS RIVER NEAR SHAMATTAWA, North_America,65 500 ,12.7176,,,Gods River,Shamattawa
18,2790, , 05KJ001, SASKATCHEWAN RIVER AT THE PAS, North_America,347 000 ,20.0521,,,Saskatchewan River,The Pas
19,2792, , 05KL001, SASKATCHEWAN RIVER AT GRAND RAPIDS, North_America,364 000 ,18.7613,,,Saskatchewan River,Grand Rapids
20,2814, , 05LH005, WATERHEN RIVER NEAR WATERHEN, North_America,55 000 ,2.4034,,,Waterhen River,Waterhen
21,2871, , 05LM001, FAIRFORD RIVER NEAR FAIRFORD, North_America,79 900 ,2.3538,,,Fairford River,Fairford
22,2917, , 05MJ001, ASSINIBOINE RIVER AT HEADINGLEY, North_America,153 000 ,1.4758,,,Assiniboine River,Headingley
23,2934, , 05NF012, SOURIS RIVER NEAR WESTHOPE, North_America,43 700 ,0.2407,,,Souris River,Westhope
24,2980, , 05OC001, RED RIVER AT EMERSON, North_America,102 000 ,3.4,,,Red River,Emerson
25,3096, , 05TD001, GRASS RIVER ABOVE STANDING STONE FALLS, North_America,15 400 ,2.0918,,,Grass,Above Standing Stone Falls
26,3112, , 05UE005, NELSON RIVER AT KELSEY GENERATING STATION, North_America,1 010 000 ,67.9193,,,Nelson River,Kelsey Generating Station
27,3119, , 06DA002, COCHRANE RIVER NEAR BROCHET, North_America,28 400 ,5.2701,,,Cochrane River,Brochet
28,3128, , 06FB001, CHURCHILL RIVER BELOW FIDLER LAKE, North_America,271 000 ,16.0491,,,Churchill,Below Fidler Lake
29,3131, , 06FD001, CHURCHILL RIVER ABOVE RED HEAD RAPIDS, North_America,287 000 ,17.7676,,,Churchill,Above Red Head Rapids
30,3135, , 06GD001, SEAL RIVER BELOW GREAT ISLAND, North_America,48 100 ,11.0476,,,Seal,Below Great Island
31,3525,28, 06HB002, THLEWIAZA RIVER ABOVE OUTLET SEALHOLE LAKE, North_America,27 000 ,6.8825,,,Thlewiaza,Above Outlet Sealhole Lake
32,3530, , 06JC002, THELON RIVER ABOVE BEVERLY LAKE, North_America,65 600 ,9.3739,,,Thelon,Above Beverly Lake
33,3532,21, 06KC003, DUBAWNT RIVER AT OUTLET OF MARJORIE LAKE, North_America,67 300 ,11.5452,,,Dubawnt River,Outlet Of Marjorie Lake
34,3533, , 06LA001, KAZAN RIVER AT OUTLET OF ENNADAI LAKE, North_America,21 400 ,4.2307,,,Kazan River,Outlet Of Ennadai Lake
35,3534,20, 06LC001, KAZAN RIVER ABOVE KAZAN FALLS, North_America,70 000 ,13.812,,,Kazan,Above Kazan Falls
36,3541,13, 06MA006, THELON RIVER BELOW OUTLET OF SCHULTZ LAKE, North_America,152 000 ,29.1299,,,Thelon,Below Outlet Of Schultz Lake
37,3561, , 07OB001, HAY RIVER NEAR HAY RIVER, North_America,47 900 ,3.5376,,,Hay River,Hay River
38,3566, , 07QA001, TALTSON RIVER AT OUTLET OF TSU LAKE, North_America,58 700 ,5.7909,,,Taltson River,Outlet Of Tsu Lake
39,3575, , 07RD001, LOCKHART RIVER AT OUTLET OF ARTILLERY LAKE, North_America,26 600 ,3.8436,,,Lockhart River,Outlet Of Artillery Lake
40,3582, , 07SB003, YELLOWKNIFE RIVER AT INLET TO PROSPEROUS LAKE, North_America,11 300 ,0.9097,,,Yellowknife River,Inlet To Prosperous Lake
41,3599, , 10EB001, SOUTH NAHANNI RIVER ABOVE VIRGINIA FALLS, North_America,14 600 ,7.0887,,,South Nahanni,Above Virginia Falls
42,3604, , 10ED001, LIARD RIVER AT FORT LIARD, North_America,222 000 ,60.5297,,,Liard River,Fort Liard
43,3622, , 10GC001, MACKENZIE RIVER AT FORT SIMPSON, North_America,1 270 000 ,213.4625,,,Mackenzie River,Fort Simpson
44,3631, , 10HB005, REDSTONE RIVER 63 KM ABOVE MOUTH, North_America,15 400 ,5.4951,,,Redstone,63 Km Above Mouth
45,3635, , 10JA002, CAMSELL RIVER AT OUTLET OF CLUT LAKE, North_America,31 100 ,3.105,,,Camsell River,Outlet Of Clut Lake
46,3638, , 10JC003, GREAT BEAR RIVER AT OUTLET OF GREAT BEAR LAKE, North_America,145 000 ,16.7292,,,Great Bear River,Outlet Of Great Bear Lake
47,3642, , 10KA001, MACKENZIE RIVER AT NORMAN WELLS, North_America,1 570 000 ,266.3469,,,Mackenzie River,Norman Wells
48,3650,30, 10LA002, ARCTIC RED RIVER NEAR THE MOUTH, North_America,18 600 ,5.0805,,,Arctic Red River,The Mouth
49,3660,4, 10LC014, MACKENZIE RIVER AT ARCTIC RED RIVER, North_America,1 680 000 ,281.4992,,,Mackenzie River,Arctic Red River
50,3662,19, 10MC002, PEEL RIVER ABOVE FORT MCPHERSON, North_America,70 600 ,21.7262,,,Peel,Above Fort Mcpherson
51,3668,24, 10NC001, ANDERSON RIVER BELOW CARNWATH RIVER, North_America,56 300 ,4.4642,,,Anderson,Below Carnwath River
52,3675, , 10PB001, COPPERMINE RIVER AT OUTLET OF POINT LAKE, North_America,19 300 ,3.4132,,,Coppermine River,Outlet Of Point Lake
53,3679,27, 10PC004, COPPERMINE RIVER ABOVE COPPER CREEK, North_America,46 800 ,8.304,,,Coppermine,Above Copper Creek
54,3681, , 10QC001, BURNSIDE RIVER NEAR THE MOUTH, North_America,16 800 ,3.9969,,,Burnside River,The Mouth
55,3683, , 10QD001, ELLICE RIVER NEAR THE MOUTH, North_America,16 900 ,2.6329,,,Ellice River,The Mouth
56,3686,15, 10RC001, BACK RIVER ABOVE HERMANN RIVER, North_America,93 900 ,15.1623,,,Back,Above Hermann River
57,4326, , 04DA001, PIPESTONE RIVER AT KARL LAKE, North_America,5 960 ,1.7668,,,Pipestone River,Karl Lake
58,4341, , 04GB004, OGOKI RIVER ABOVE WHITECLAY LAKE, North_America,11 200 ,3.3061,,,Ogoki,Above Whiteclay Lake
59,4362, , 04LB001, MATTAGAMI RIVER AT SMOOTH ROCK FALLS, North_America,10 000 ,3.4987,,,Mattagami River,Smooth Rock Falls
60,4369, , 04LG004, MOOSE RIVER ABOVE MOOSE RIVER, North_America,60 100 ,22.69,,,Moose,Above Moose River
61,4381, , 04ME003, ABITIBI RIVER AT ONAKAWANA, North_America,27 500 ,11.9545,,,Abitibi River,Onakawana
62,4385, , 05PA006, NAMAKAN RIVER AT OUTLET OF LAC LA CROIX, North_America,13 400 ,3.4241,,,Namakan River,Outlet Of Lac La Croix
63,4425, , 05PE020, WINNIPEG RIVER BELOW LAKE OF THE WOODS OUTLETS, North_America,70 400 ,13.54,,,Winnipeg,Below Lake Of The Woods Outlets
64,5080, , 03AB002, WASWANIPI (RIVIERE) A LA CHUTE ROUGE, North_America,31 900 ,18.4224,,, Waswanipi (Riviere) A La Chute Rouge,
65,5084, , 03AC004, BELL (RIVIERE) EN AMONT DU LAC MATAGAMI, North_America,22 200 ,12.3342,,, Bell (Riviere) En Amont Du Lac Matagami,
66,5096, , 03BC002, RUPERT (RIVIERE DE) EN AVAL DU LAC NEMISCAU, North_America,40 900 ,26.6293,,, Rupert (Riviere De) En Aval Du Lac Nemiscau,
67,5137, , 03ED001, BALEINE (GRANDE RIVIERE DE LA) EN AMONT DE LA RIVIERE DENYS-1, North_America,36 300 ,16.5127,,, Baleine (Grande Riviere De La) En Amont De La Riviere Denys-1,
68,5144, , 03FA003, LOUPS MARINS (LAC DES), North_America,8 390 ,6.0733,,, Loups Marins (Lac Des),
69,5155, , 03FC008, BALEINE (PETITE RIVIERE DE LA) EN AMONT DU CHENAL ANCEL, North_America,10 400 ,3.2456,,, Baleine (Petite Riviere De La) En Amont Du Chenal Ancel,
70,5172, , 03KC004, MELEZES (RIVIERE AUX) PRES DE LA RIVIERE KOKSOAK, North_America,42 700 ,19.2813,,, Melezes (Riviere Aux) Pres De La Riviere Koksoak,
71,5179, , 03LF002, CANIAPISCAU (RIVIERE) A LA CHUTE DE LA PYRITE, North_America,84 500 ,42.1309,,, Caniapiscau (Riviere) A La Chute De La Pyrite,
72,5181, , 03MB002, BALEINE (RIVIERE A LA) PRES DE L EMBOUCHURE-1, North_America,29 800 ,16.0117,,, Baleine (Riviere A La) Pres De L Embouchure-1,
73,5189, , 04NB001, TURGEON A 14.3 KM DE L HARRICANA, North_America,11 200 ,6.1137,,, Turgeon A 14.3 Km De L Harricana,
74,5221, , 05GG001, NORTH SASKATCHEWAN RIVER AT PRINCE ALBERT, North_America,131 000 ,7.5636,,,North Saskatchewan River,Prince Albert
75,5321, , 05HG001, SOUTH SASKATCHEWAN RIVER AT SASKATOON, North_America,141 000 ,8.0446,,,South Saskatchewan River,Saskatoon
76,5407, , 05JM001, QU APPELLE RIVER NEAR WELBY, North_America,50 900 ,0.2842,,,Qu Appelle River,Welby
77,5577, , 06AG001, BEAVER RIVER BELOW WATERHEN RIVER, North_America,45 000 ,1.4455,,,Beaver,Below Waterhen River
78,5603, , 06EA002, CHURCHILL RIVER AT SANDY BAY, North_America,212 000 ,21.6631,,,Churchill River,Sandy Bay
79,5615, , 07LE002, FOND DU LAC RIVER AT OUTLET OF BLACK LAKE, North_America,50 700 ,9.6435,,,Fond Du Lac River,Outlet Of Black Lake
80,5787, , 09AB001, YUKON RIVER AT WHITEHORSE, North_America,19 400 ,7.6181,,,Yukon River,Whitehorse
81,5806, , 09BC001, PELLY RIVER AT PELLY CROSSING, North_America,49 000 ,12.284,,,Pelly River,Pelly Crossing
82,5816, , 09CD001, YUKON RIVER ABOVE WHITE RIVER, North_America,150 000 ,37.171,,,Yukon,Above White River
83,5822, , 09DD003, STEWART RIVER AT THE MOUTH, North_America,51 000 ,14.6085,,,Stewart River,The Mouth
84,5838, , 09FD002, PORCUPINE RIVER NEAR INTERNATIONAL BOUNDARY, North_America,59 800 ,10.3744,,,Porcupine River,International Boundary
85,5839, , 10AA001, LIARD RIVER AT UPPER CROSSING, North_America,33 400 ,11.7167,,,Liard River,Upper Crossing
86,5847, , 10MA001, PEEL RIVER ABOVE CANYON CREEK, North_America,25 700 ,5.9036,,,Peel,Above Canyon Creek
87,5855, ,1001, Kolyma at Orotuk, Asia,43 600 ,8.9196,,,Kolyma,Orotuk
88,5858, ,1010, Kolyma at Ust'-Srednekan, Asia,99 400 ,22.965,,,Kolyma,Ust'-Srednekan
89,5878, ,1176, Bohalcha at 5.4 km from ust'ya, Asia,13 600 ,3.9053,,,Bohalcha,5.4 Km From Ust'Ya
90,5909, ,1397, Anui at Ostrovnoje, Asia,30 000 ,5.7131,,,Anui,Ostrovnoje
91,5911, ,1421, Pogyunden at Ust'e Inkulivema, Asia,12 000 ,2.3559,,,Pogyunden,Ust'E Inkulivema
92,5912, ,1433, PALJAVAAM AT PALJAVAAM, Asia,6 810 ,1.3294,,,Paljavaam,Paljavaam
93,5914, ,1492, Amguema at Ust'e Shumny, Asia,26 700 ,7.9489,,,Amguema,Ust'E Shumny
94,5917, ,1497, Anadyr at Novy Eropol, Asia,47 300 ,14.9112,,,Anadyr,Novy Eropol
95,5918, ,1499, Anadyr at Snezjnoje, Asia,106 000 ,31.3075,,,Anadyr,Snezjnoje
96,5951, ,1801, KOLYMA AT SREDNEKOLUMSK, Asia,361 000 ,70.5503,153.69,67.47,Kolyma,Srednekolymsk
97,5952,6,1802, KOLYMA AT KOLYMSKOYE, Asia,526 000 ,102.6287,158.72,68.73,Kolyma,Kolymskoe
98,6076,80,9079, Yenisey at Yeniseysk, Asia,1 400 000 ,243.6024,,,Yenisey,Yeniseysk
99,6144, ,3021, Lena at Zmeinovo, Asia,140 000 ,35.4364,,,Lena,Zmeinovo
100,6145,58,3029, Lena at Krestovsky, Asia,440 000 ,131.3509,,,Lena,Krestovsky
101,6146,59,3036, Lena At Solyanka, Asia,770 000 ,214.1613,,,Lena,Solyanka
102,6147,60,3042, Lena at Tabaga, Asia,897 000 ,220.988,,,Lena,Tabaga
103,6165, ,3087, Kirenga at Shorohovo, Asia,46 500 ,20.4927,,,Kirenga,Shorohovo
104,6172, ,3100, Vitim at Kalakan, Asia,66 300 ,6.8757,,,Vitim,Kalakan
105,6176, ,3106, Vitim at Bodaibo, Asia,186 000 ,49.2438,,,Vitim,Bodaibo
106,6210, ,3157, Bolshoi Patom at Patoma, Asia,27 600 ,10.971,,,Bolshoi Patom,Patoma
107,6214, ,3163, Olekma at Srednyaya Olekma, Asia,37 300 ,9.4985,,,Olekma,Srednyaya Olekma
108,6216,61,3169, Olekma at Kudu-Kel, Asia,115 000 ,32.2088,,,Olekma,Kudu-Kel
109,6224, ,3202, Namana at Meiemkide (Myakinda), Asia,16 600 ,1.0051,,,Namana,Meiemkide (Myakinda)
110,6225, ,3206, Tuolba at Alekseievka, Asia,14 400 ,1.9937,,,Tuolba,Alekseievka
111,6231, ,3218, Aldan at Suon-Tiit, Asia,18 500 ,6.7885,,,Aldan,Suon-Tiit
112,6232,62,3219, Aldan at Tommot, Asia,49 500 ,16.5929,,,Aldan,Tommot
113,6234,63,3222, Aldan at Ust-Mil, Asia,269 000 ,86.3414,,,Aldan,Ust-Mil
114,6235,64,3225, Aldan at Okhotsky Perevoz, Asia,514 000 ,133.8678,,,Aldan,Okhotsky Perevoz
115,6236,65,3229, Aldan at Verkhoyanski' Perevoz, Asia,696 000 ,165.4332,,,Aldan,Verkhoyanski' Perevoz
116,6240,66,3246, Timpton At Nagorny, Asia,613,0.2964,,,Timpton,Nagorny
117,6242, ,3248, Timpton at Ust'-Timpton, Asia,43 700 ,16.7819,,,Timpton,Ust'-Timpton
118,6245, ,3264, Uchur at Chulbu, Asia,108 000 ,38.1963,,,Uchur,Chulbu
119,6247, ,3271, Maya at Chabda, Asia,165 000 ,36.5647,,,Maya,Chabda
120,6248, ,3273, Udoma at Kurun-Targyukah, Asia,43 600 ,10.8001,,,Udoma,Kurun-Targyukah
121,6255, ,3291, Amga at Buyaga, Asia,23 900 ,3.8409,,,Amga,Buyaga
122,6256, ,3292, Amga at Amga, Asia,56 800 ,5.802,,,Amga,Amga
123,6262,67,3310, Vilui at Ust'-Ambardakh, Asia,57 300 ,11.5273,,,Vilui,Ust'-Ambardakh
124,6265,68,3321, Vilui at Suntar, Asia,202 000 ,24.8355,,,Vilui,Suntar
125,6266, ,3329, Vilui at Hatyrik-Homo, Asia,452 000 ,46.6859,,,Vilui,Hatyrik-Homo
126,6268,69,3334, Chona At Chona, Asia,21 000 ,2.74,,,Chona,Chona
127,6273,71,3344, Batyur At Yasnyuiy, Asia,3 380 ,0.4344,,,Batyur,Yasnyuiy
128,6279, ,3366, Marha at Chumpuruk, Asia,78 700 ,12.334,,,Marha,Chumpuruk
129,6289, ,3403, Mal.Kuonapka at Djalinda, Asia,20 300 ,3.0231,,,Mal.Kuonapka,Djalinda
130,6290, ,3404, Olenek at Yarolin, Asia,13 700 ,2.5859,,,Olenek,Yarolin
131,6291, ,3405, Olenek at Olenek, Asia,89 200 ,15.6455,,,Olenek,Olenek
132,6292,73,3407, OLENEK - SUHANA, Asia,127 000 ,22.5425,,,Olenek,Sukhana
133,6293,74,3414, Yana at Verhoyansk, Asia,45 300 ,4.8783,,,Yana,Verhoyansk
134,6295, ,3430, Dulgalakh at Tomtor, Asia,23 900 ,3.1842,,,Dulgalakh,Tomtor
135,6297, ,3444, Adycha at Oiun-Homoto, Asia,65 500 ,10.3363,,,Adycha,Oiun-Homoto
136,6302, ,3483, Bytantai at Asar, Asia,40 000 ,4.8239,,,Bytantai,Asar
137,6303,75,3488, Indigirka at Yurty, Asia,51 100 ,7.4373,,,Indigirka,Yurty
138,6304,16,3489, Indigirka at Indigirsky, Asia,83 500 ,13.2917,143.12,64.53,Indigirka,Indigirsky
139,6307, ,3507, Algi at 42 km up of the mouth, Asia,17 600 ,3.424,,,Algi,42 Km Up Of The Mouth
140,6308, ,3518, Nera at Ala Chubuk, Asia,22 300 ,3.7684,,,Nera,Ala Chubuk
141,6313, ,3552, Alazeya at Argahtah, Asia,17 700 ,1.1331,,,Alazeya,Argahtah
142,6329,76,3579, Churkuo At Lavinda, Asia,4 130 ,0.5471,,,Churkuo,Lavinda
143,6338,18,3801, ANABAR AT SASKULAKH, Asia,78 800 ,14.2802,114.08,71.97,Anabar,Saskylakh
144,6341,12,3811, Olenek At 7.5 km down of Buur's mouth, Asia,198 000 ,36.9844,123.65,71.85,Olenek,7.5 km down of Buur's mouth
145,6342,3,3821, LENA AT KUSUR, Asia,2 430 000 ,528.5711,127.39,70.68,Lena,Kyusyur
146,6344,78,3825, Lena (Bukovskaya) At Polyarnaya, Asia,  ,129.3729,,,Lena (Bukovskaya),Polyarnaya
147,6351, ,3860, Yana at Djangky, Asia,216 000 ,29.1585,,,Yana,Djangky
148,6352,11,3861, YANA AT UBILEYNAYA, Asia,224 000 ,32.1846,,,Yana,Ubileynaya
149,6353, ,3871, YNDIGIRKA AT VORONTSOVO, Asia,305 000 ,50.1473,147.53,69.57,Indigirka,Vorontsovo
150,6402, ,7015, Verhnyaya Angara at Verhnyaya Zaimka, Asia,20 600 ,8.2135,,,Verhnyaya Angara,Verhnyaya Zaimka
151,6405, ,7024, Barguzin at Barguzin, Asia,19 800 ,3.8686,,,Barguzin,Barguzin
152,6410, ,7041, Selenga at Naushki, Asia,282 000 ,11.4917,,,Selenga,Naushki
153,6412, ,7051, Selenga at Mostovoy, Asia,440 000 ,29.5105,,,Selenga,Mostovoy
154,6415, ,7060, Dgida at Dgida, Asia,23 300 ,2.3191,,,Dgida,Dgida
155,6420, ,7076, Chikoy at Povorot, Asia,44 700 ,8.6329,,,Chikoy,Povorot
156,6439, ,7130, Uda at Ulan-Ude, Asia,34 700 ,2.1216,,,Uda,Ulan-Ude
157,6453, ,8013, Angara at Irkutskaya GES, Asia,573 000 ,58.7604,,,Angara,Irkutskaya Ges
158,6458, ,8084, Angara at Boguchanyu, Asia,866 000 ,110.3707,,,Angara,Boguchanyu
159,6484, ,8233, Iya at Tulun, Asia,14 500 ,4.7359,,,Iya,Tulun
160,6495, ,8288, Chadobets at Yarkino, Asia,13 300 ,1.8097,,,Chadobets,Yarkino
161,6500, ,8296, Taseeva at Mashukovka, Asia,127 000 ,23.7027,,,Taseeva,Mashukovka
162,6502, ,8306, Uda at Ukar, Asia,17 200 ,5.6027,,,Uda,Ukar
163,6512, ,8331, Biryisa at Biryisinsk, Asia,24 700 ,8.3006,,,Biryisa,Biryisinsk
164,6537,79,9002, Yenisey at Kyizyil, Asia,115 000 ,31.8364,,,Yenisey,Kyizyil
165,6543, ,9053, Yenisey at Bazaiha, Asia,300 000 ,90.3424,,,Yenisey,Bazaiha
166,6544,81,9092, Yenisey at Pod. Tunguska, Asia,1 760 000 ,339.6041,,,Yenisey,Pod. Tunguska
167,6546,82,9112, Bol'shoy Yenisey At Tora-Khem, Asia,15 600 ,5.5842,,,Bol'Shoy Yenisey,Tora-Khem
168,6547, ,9115, Bol.Yenisey at Sei'ba, Asia,44 600 ,15.539,,,Bol.Yenisey,Sei'Ba
169,6553, ,9124, Mal.Yenisey at Ust'-Uzjep, Asia,42 300 ,10.4914,,,Mal.Yenisey,Ust'-Uzjep
170,6570, ,9213, Abakan at Rai'kov, Asia,31 300 ,12.0207,,,Abakan,Rai'Kov
171,6576, ,9252, Tuba at Bugurtak, Asia,31 800 ,23.5377,,,Tuba,Bugurtak
172,6594, ,9337, Kan at Kansk, Asia,23 000 ,7.6868,,,Kan,Kansk
173,6606,83,9372, Bolshoy Pit at Bryanka, Asia,15 100 ,4.2332,,,Bolshoy Pit,Bryanka
174,6609,84,9380, Kas At Alexandrovskiy, Asia,7 640 ,1.6865,,,Kas,Alexandrovskiy
175,6610,85,9384, Syum At Syum, Asia,22 800 ,5.9664,,,Syum,Syum
176,6613,86,9388, Podkamennaya Tunguska At Ust'…, Asia,68 400 ,10.9376,,,Podkamennaya Tunguska,Ust'…
177,6615, ,9390, Podkamennaya Tunguska at Kuz'movka, Asia,218 000 ,50.0534,,,Podkamennaya Tunguska,Kuz'Movka
178,6620,87,9401, Yeloguy at Yeloguy, Asia,16 300 ,5.2364,,,Yeloguy,Yeloguy
179,6622, ,9404, Nizjnyaya Tunguska at Podvoloshino, Asia,8 270 ,1.1113,,,Nizjnyaya Tunguska,Podvoloshino
180,6623, ,9406, Nizjnyaya Tunguska at Yerbogachen, Asia,77 400 ,9.1526,,,Nizjnyaya Tunguska,Yerbogachen
181,6624,88,9408, Nizhnyaya Tunguska At Kislokan, Asia,155 000 ,19.772,,,Nizhnyaya Tunguska,Kislokan
182,6626, ,9415, Nizjnyaya Tunguska at Bolshoy Porog, Asia,447 000 ,110.0675,,,Nizjnyaya Tunguska,Bolshoy Porog
183,6628, ,9417, Nepa at Ika, Asia,15 000 ,1.956,,,Nepa,Ika
184,6631, ,9422, Yerachimo at Bolshoy Porog, Asia,9 100 ,4.3937,,,Yerachimo,Bolshoy Porog
185,6632,89,9425, Turukhan at Yanov Stan, Asia,10 100 ,3.3946,,,Turukhan,Yanov Stan
186,6656,2,9803, YENISEY AT IGARKA, Asia,2 440 000 ,580.1065,86.48,67.43,Yenisey,Igarka
187,6658, ,10006, Ob at Barnaul, Asia,169 000 ,46.2629,,,Ob,Barnaul
188,6659, ,10010, Ob at Kamen' na Obi, Asia,216 000 ,51.9613,,,Ob,Kamen' Na Obi
189,6666, ,10031, Ob at Belogorje, Asia,2 160 000 ,319.622,68.6,61.07,Ob,Belogorje
190,6670, ,10048, Biya at Bijsk, Asia,36 900 ,15.0225,,,Biya,Bijsk
191,6679, ,10062, Chulishman at Balikcha, Asia,16 600 ,5.0414,,,Chulishman,Balikcha
192,6684, ,10071, Katun' at Srostki, Asia,58 400 ,19.4329,,,Katun',Srostki
193,6751, ,10219, Inya (Nygnyaya) at Kaili, Asia,15 700 ,1.2206,,,Inya (Nygnyaya),Kaili
194,6760, ,10240, Tom at Novokuznetsk, Asia,29 800 ,20.4026,,,Tom,Novokuznetsk
195,6762, ,10251, Tom at Tomsk, Asia,57 000 ,33.6647,,,Tom,Tomsk
196,6791, ,10328, Chulim at Teguldet, Asia,55 300 ,9.2526,,,Chulim,Teguldet
197,6792, ,10329, Chulim at Ziryanskoje, Asia,92 500 ,17.4053,,,Chulim,Ziryanskoje
198,6838, ,10428, Chaya at Podgoenoje, Asia,25 000 ,2.3924,,,Chaya,Podgoenoje
199,6849, ,10453, Ket' at Maksimkin Yar, Asia,38 400 ,7.5973,,,Ket',Maksimkin Yar
200,6850, ,10455, Ket' (Bolshaya Ket) at Rodionovka, Asia,71 500 ,14.7936,,,Ket' (Bolshaya Ket),Rodionovka
201,6855, ,10468, Parabel at Novikovo, Asia,17 900 ,2.3403,,,Parabel,Novikovo
202,6860, ,10478, Vasyugan at Sredny Vasyugan, Asia,31 700 ,5.0682,,,Vasyugan,Sredny Vasyugan
203,6866, ,10489, Tim at Napas, Asia,24 500 ,6.0297,,,Tim,Napas
204,6950, ,11048, Irtish at Omsk, Asia,769 000 ,27.6738,,,Irtish,Omsk
205,6952, ,11056, Irtish at Tobolsk, Asia,1 500 000 ,67.9646,,,Irtish,Tobolsk
206,7010, ,11312, Om at Voznesenskoje, Asia,39 200 ,1.3882,,,Om,Voznesenskoje
207,7057, ,11412, Ishim at Ishim, Asia,140 000 ,1.7554,,,Ishim,Ishim
208,7059, ,11415, Ishim at Orehovo, Asia,158 000 ,2.6214,,,Ishim,Orehovo
209,7080, ,11491, Vagai at Chernoje, Asia,15 600 ,0.6939,,,Vagai,Chernoje
210,7091, ,11521, Konda at Uruy, Asia,23 400 ,4.2413,,,Konda,Uruy
211,7093, ,11524, Konda at Bolchary, Asia,65 400 ,9.628,,,Konda,Bolchary
212,7094, ,11526, Konda at Altay, Asia,68 600 ,10.7885,,,Konda,Altay
213,7103, ,11542, Severnaya Sosva at Sosva, Asia,65 200 ,19.2848,,,Severnaya Sosva,Sosva
214,7105, ,11545, Severnaya Sosva at Igrim, Asia,87 800 ,24.7969,,,Severnaya Sosva,Igrim
215,7106, ,11548, Lyapin at Saran-Paul, Asia,18 500 ,7.8197,,,Lyapin,Saran-Paul
216,7112, ,11558, Poluy at Poluy, Asia,15 100 ,4.173,,,Poluy,Poluy
217,7116,17,11571, Pur at Urengoi, Asia,80 400 ,23.995,78.35,65.97,Pur,Urengoi
218,7118, ,11574, Pyaku-Pur at Tarko-Sale, Asia,31 400 ,9.721,,,Pyaku-Pur,Tarko-Sale
219,7122, ,11586, Om at Nygnyaya Omka, Asia,44 100 ,1.5243,,,Om,Nygnyaya Omka
220,7134, ,11619, Irtish At Ekaterininskoje, Asia,828 000 ,27.9768,,,Irtish,Ekaterininskoje
221,7135, ,11620, Osha at Stcherbakovo, Asia,15 000 ,0.156,,,Osha,Stcherbakovo
222,7142,1,11801, OB AT SALEHARD, Asia,2 950 000 ,393.9537,66.6,66.63,Ob,Salekhard
223,7143,26,11805, NADYM AT NADYM, Asia,48 000 ,14.4582,72.67,65.62,Nadym,Nadym
224,7144,90,11807, Pur At Samburg, Asia,95 100 ,28.2538,,,Pur,Samburg
225,7145,14,11808, TAZ AT SIDOROVSK, Asia,100 000 ,32.9979,82.28,66.6,Taz,Sidorovsk
226,7152, ,12014, Tobol at Kurgan, Asia,159 000 ,1.3198,,,Tobol,Kurgan
227,7154, ,12018, Tobol at Yalotorovsk, Asia,241 000 ,3.898,,,Tobol,Yalotorovsk
228,7211, ,12239, Tura at Turinsk, Asia,29 000 ,3.6639,,,Tura,Turinsk
229,7212, ,12244, Tura at Tumen', Asia,58 500 ,6.3923,,,Tura,Tumen'
230,7228, ,12383, Pishma at Bogadinskoje, Asia,18 600 ,1.1201,,,Pishma,Bogadinskoje
231,7233, ,12412, Tavda at Tabory, Asia,74 200 ,12.9443,,,Tavda,Tabory
232,7269, ,49013, Kovda at Knyazjegubskaya GES, Europe,25 900 ,8.7088,,,Kovda,Knyazjegubskaya Ges
233,7300, ,49076, Belomorkanal at Matkozj, Europe,26 500 ,8.1858,,,Belomorkanal,Matkozj
234,7334, ,70004, Onega at Cherepovskaya, Europe,29 500 ,8.6477,,,Onega,Cherepovskaya
235,7335,91,70007, Onega At Kazakovo, Europe,40 600 ,11.5784,,,Onega,Kazakovo
236,7347,92,70066, Severnaya Dvina at Abramkovo, Europe,220 000 ,60.7713,,,Severnaya Dvina,Abramkovo
237,7348, ,70072, Severnaya Dvina at Zvoz, Europe,285 000 ,81.0189,,,Severnaya Dvina,Zvoz
238,7349, ,70085, Suhona at Rabanga, Europe,15 500 ,4.5127,,,Suhona,Rabanga
239,7351, ,70098, Suhona at Kalikino, Europe,49 200 ,13.8011,,,Suhona,Kalikino
240,7371, ,70153, Yug at Podosinovets, Europe,15 200 ,3.7447,,,Yug,Podosinovets
241,7387, ,70180, Vichegda at Malaya Kuzjba, Europe,26 500 ,7.7644,,,Vichegda,Malaya Kuzjba
242,7389, ,70200, Vichegda at Phedyakovo, Europe,112 000 ,32.9121,,,Vichegda,Phedyakovo
243,7407, ,70238, Vim at Veslyana, Europe,19 100 ,6.2163,,,Vim,Veslyana
244,7421, ,70275, VAga at Filyaevskaya, Europe,13 200 ,3.5263,,,Vaga,Filyaevskaya
245,7443, ,70334, Pinega at Kulogory, Europe,36 700 ,11.838,,,Pinega,Kulogory
246,7467,93,70378, Mezen At Makarib, Europe,6 450 ,2.5083,,,Mezen,Makarib
247,7481,94,70410, Pechora At Yaksha, Europe,9 620 ,4.8239,,,Pechora,Yaksha
248,7483,95,70421, Pechora At Ust'-Shugor, Europe,67 500 ,33.6523,,,Pechora,Ust'-Shugor
249,7484,96,70429, Pechora At Mutny Materik, Europe,205 000 ,99.2185,,,Pechora,Mutny Materik
250,7497, ,70466, Usa at Petrun, Europe,27 500 ,16.5701,,,Usa,Petrun
251,7498, ,70468, Usa at Adzva, Europe,54 700 ,29.7147,,,Usa,Adzva
252,7510, ,70509, Ijma at Ust-Uhta, Europe,15 000 ,4.8891,,,Ijma,Ust-Uhta
253,7521, ,70533, Tsilma at Trusovo, Europe,20 900 ,7.1823,,,Tsilma,Trusovo
254,7564,8,70801, SEV.DVINA AT UST' PINEGA, Europe,348 000 ,105.0598,41.92,64.13,Northern Dvina,Ust' Pinega
255,7565, ,70827, PECHORA AT OKSINO, Europe,312 000 ,138.1038,52.18,67.63,Pechora,Oksino
256,7566,25,70842, ONEGA AT POROG, Europe,55 700 ,15.5187,38.47,63.82,Onega,Porog
257,7567,23,70844, MEZEN AT MALONISOGORSKOYE, Europe,56 400 ,20.2363,45.62,65.01,Mezen,Malonisogorskoye
258,7568,10,70850, Pechora at Ust-TsilmA, Europe,248 000 ,108.4712,52.28,65.42,Pechora,Ust' Tsil'ma
259,7592,97,71085, Lotta At Kallokosky, Europe,2 540 ,0.9941,,,Lotta,Kallokosky
260,7600,98,71104, Kola At 1429 km Oktyabr'skoy zh/d, Europe,3 780 ,1.3794,,,Kola,1429 Km Oktyabr'Skoy Zh/D
261,7628,99,71165, Ponoy At Krasnotshel'e, Europe,3 810 ,1.2847,,,Ponoy,Krasnotshel'E
262,7629,100,71168, Ponoy at Kanevka, Europe,10 200 ,3.4289,39.66,67.13,Ponoy,Kanevka
263,7639,101,71186, Varzuga At Varzuga, Europe,7 940 ,2.4998,,,Varzuga,Varzuga
264,7643,102,71199, Umba At Payalka, Europe,6 920 ,2.5182,,,Umba,Payalka
265,7676,31, 234.18.0.1001.0, Norway Tana at Polmak, Europe,14 005 ,5.2519,28.08,70.11,Tana,Polmak
266,7682,34,15484000, SALCHA R NR SALCHAKET AK, North_America,5 620.27 ,1.4192,,,Salcha R,Salchaket Ak
267,7683,35,15514000, CHENA R AT FAIRBANKS AK, North_America,5 167.02 ,1.2023,,,Chena R,Fairbanks Ak
268,7688,29,15744500, KOBUK R NR KIANA AK, North_America,24 656.68 ,13.3955,,,Kobuk R,Kiana Ak
269,7690,32,15896000, KUPARUK R NR DEADHORSE AK, North_America,8 106.66 ,1.2332,,,Kuparuk R,Deadhorse Ak
270,7693,9,15356000, YUKON R AT EAGLE AK, North_America,293 965.29 ,75.3283,-141.2001,64.7892,Yukon,Eagle Ak
271,7694,43,15388100, KANDIK R NR NATION AK, North_America,2 833.46 ,  ,,,Kandik R,Nation Ak
272,7696,7,15453500, YUKON R NR STEVENS VILLAGE AK, North_America,508 417.5 ,107.7013,-149.71,65.87,Yukon,Near Stevens Village Ak
273,7700,56,15485500, TANANA R AT FAIRBANKS AK, North_America,  ,18.0852,,,Tanana R,Fairbanks Ak
274,7702,37,15493700, CHENA R BL MOOSE C DAM AK, North_America,3 781.4 ,0.8921,,, Chena R Bl Moose C Dam Ak,
275,7703,22,15515500, TANANA R AT NENANA AK, North_America,66 304.06 ,21.6216,,,Tanana R,Nenana Ak
276,7709,5,15565447, YUKON R AT PILOT STATION AK, North_America,831 390.83 ,203.2589,-162.8829,61.9337,Yukon,Pilot Station
277,7725,52, 163.5.0.1001.1, Saltelva at Junkerdalselv, Europe,422,0.4286,,,Saltelva,Junkerdalselv
278,7726,33, 212.10.0.1001.1, AltAelv at Masi, Europe,5 693 ,1.998,,,Altaelv,Masi
279,7728,50, 191.2.0.1001.0, Salangselv at Vassas, Europe,580,0.6778,,,Salangselv,Vassas
280,7872,70,3341, Akhtaranda At Suryakh-Khaya, Asia,11 600 ,1.3618,,,Akhtaranda,Suryakh-Khaya
281,7981,77,3625, Ichoda At Maiskiy, Asia,2 820 ,0.3515,,,Ichoda,Maiskiy
282,8019,72,3355, Ulakhan-Butuobiya At Zakhar, Asia,16 900 ,1.9722,,,Ulakhan-Butuobiya,Zakhar
283,8240, ,8313, R.UDA(CHUNA) AT CHUNOYAR, Asia,51 600 ,9.0005,,,R.Uda(Chuna),Chunoyar
284,9088, ,9568, Velmo at Velmo, Asia,11 800 ,4.1064,,,Velmo,Velmo
285,9090,36,15908000, Sagavanirktok R Nr Pump Station 3, North_America,4 815 ,1.4011,,,Sagavanirktok R,Pump Station 3
286,9091,38, 151.28.0.1001.1, Vefsna at Laksfors, Europe,3 636 ,  ,,,Vefsna,Laksfors
287,9092,39,15493400, Chena below Hunts C Nr Tw, North_America,3 479 ,  ,,,Chena Below Hunts C,Tw
288,9093,40, 196.35.0.1001.1, Malselv at Malangsfoss, Europe,3 118 ,  ,,,Malselv,Malangsfoss
289,9094,41, 122.9.0.1001.1, Gaula at Gaulfoss, Europe,3 085 ,  ,,,Gaula,Gaulfoss
290,9095,42, 123.20.0.1001.1," Nidelv at Rathe, near Nordsetfoss", Europe,3 061 ,  ,,,Nidelv,"Rathe, Near Nordsetfoss"
291,9096,44,15565700, Unalakleet above Chiroskey, North_America,2 713 ,1.2112,,, Unalakleet Above Chiroskey,
292,9097,45, 124.12.0.1001.1, Stjordalsvassdraget at Hegra bru, Europe,1 868 ,  ,,,Stjordalsvassdraget,Hegra Bru
293,9098,46,15747000, Wulik R. below Tutak C Nr Kivalina, North_America,1 825 ,0.9119,,,Wulik R. Below Tutak C,Kivalina
294,9099,47, 139.15.0.1001.1, Namsen at Bjornstad, Europe,1 037 ,  ,,,Namsen,Bjornstad
295,9100,48,15511000, L Chena R. near Fairbanks, North_America,963,0.1851,,,L Chena R.,Fairbanks
296,9101,49, 127.6.0.1001.2, Verdalsvassdraget at Grunnfoss, Europe,898,  ,,,Verdalsvassdraget,Grunnfoss
297,9102,51, 152.4.0.1001.1, Fusta at Fustvatn, Europe,520,  ,,,Fusta,Fustvatn
298,9103,53,15747000, Ikalukrok C below Red Dog C Nr Kivalina, North_America,255,  ,,,Ikalukrok C Below Red Dog C,Kivalina
299,9104,54,15518100, Lignite C above Mouth Nr Healy, North_America,125,0.0278,,,Lignite C Above Mouth,Healy
300,9105,55,15493000, Chena R. near Two Rivers, North_America,2 414 ,0.6208,,,Chena R.,Two Rivers
301,9106,57,15388000, Nation R. near Nation, North_America,2 370 ,0.6191,,,Nation R.,Nation
